﻿,Name,Nickname,ID,PicturePath,Obtained Date,Fix Date,Fix Details,Fix Date,Fix Details,Fix Date,Fix Details,Fix Date,Fix Details,Fix Date,Fix Details,Fix Date,Fix Details
Machine 01,Milling 01,milling-10,1,C:\Users\Lenovo\Desktop\Data2\,8/31/2015,,,,,,,,,,,,
Machine 02,Milling 02,milling-2,2,C:\Users\Lenovo\Desktop\Data2\,4/16/2016,,,,,,,,,,,,
Machine 03,Milling 03,milling-3,3,C:\Users\Lenovo\Desktop\Data2\,2/7/2018,,,,,,,,,,,,
Machine 04,Milling 04,milling-4,4,C:\Users\Lenovo\Desktop\Data2\,7/7/2016,,,,,,,,,,,,
Machine 05,Milling 05,milling-5,5,C:\Users\Lenovo\Desktop\Data2\,1/4/2018,,,,,,,,,,,,
Machine 06,Flat 01,flat-1,6,C:\Users\Lenovo\Desktop\Data2\,11/4/2018,6/5/2019,Replace Part,,,,,,,,,,
Machine 07,Flat 02,flat-2,7,C:\Users\Lenovo\Desktop\Data2\,11/5/2018,6/6/2019,Replace Part,6/7/2019,Replace Part,,,,,,,,
Machine 08,Circle 01,circle-1,8,C:\Users\Lenovo\Desktop\Data2\,11/6/2018,6/7/2019,Replace Part,6/8/2019,Replace Part,6/17/2019,Engineer,6/18/2019,Replace Part,6/19/2019,Replace Parts,6/20/2019,Replace Parts
Machine 09,CNC 01,cnc-1,9,C:\Users\Lenovo\Desktop\Data2\,12/23/2015,1/5/2019,Replace Part,,,,,,,,,,
Machine 10,CNC 02,cnc-2,10,C:\Users\Lenovo\Desktop\Data2\,11/3/2016,,,,,,,,,,,,
Machine 13,CNC 05,cnc-5,11,C:\Users\Lenovo\Desktop\Data2\,7/2/2015,,,,,,,,,,,,
Machine 14,NC 01,nc-1,12,C:\Users\Lenovo\Desktop\Data2\,5/19/2016,,,,,,,,,,,,
Machine 11,CNC 03,cnc-3,13,C:\Users\Lenovo\Desktop\Data2\,9/16/2015,,,,,,,,,,,,
Machine 12,CNC 04,cnc-4,14,C:\Users\Lenovo\Desktop\Data2\,8/2/2016,,,,,,,,,,,,
Machine 15,Lathe 01,lathe-1,15,C:\Users\Lenovo\Desktop\Data2\,3/17/2018,,,,,,,,,,,,
Machine 16,Lathe 02,lathe-2,16,C:\Users\Lenovo\Desktop\Data2\,10/30/2017,,,,,,,,,,,,
Machine 17,Lathe 03,lathe-3,17,C:\Users\Lenovo\Desktop\Data2\,5/20/2015,,,,,,,,,,,,
Machine 18,Lathe 04,lathe-4,18,C:\Users\Lenovo\Desktop\Data2\,4/8/2015,,,,,,,,,,,,
Machine 19,Lathe 05,lathe-5,19,C:\Users\Lenovo\Desktop\Data2\,6/13/2018,,,,,,,,,,,,
Machine 20,Lathe 06,lathe-6,20,C:\Users\Lenovo\Desktop\Data2\,5/30/2018,6/5/2019,Replace Part,,,,,,,,,,
Machine 21,Pre-Milling 01,pre milling-1,21,C:\Users\Lenovo\Desktop\Data2\,3/9/2016,,,,,,,,,,,,
Machine 22,Pre-Milling 02,pre milling-2,22,C:\Users\Lenovo\Desktop\Data2\,7/21/2017,,,,,,,,,,,,
Machine 23,Pre-Milling 03,pre milling-3,23,C:\Users\Lenovo\Desktop\Data2\,11/3/2018,2/19/2016,Replace Part,,,,,,,,,,
